asd, ajhgjjsd@gmail.co.in, INDIA, male,  1234567895 
asd, ajhgjjsd@gmail.co.in, INDIA, male, 1234567895 
asd, ajhgjjsd@gmail.co.in, , male, 1234567895 
asd, ajhgjjsd@gmail.co.in, , male, 1234567895 
asd, ajhgjjsd@gmail.co.in, , male, 1234567890 
asd, ajhgjjsd@gmail.co.in, , male, 1234567895 
asd, , INDIA, ,  
a, ajhgjjsd@gmail.co.in, INDIA, male,  
asd, ajhgjjsd@gmail.co.in, INDIA, male,  
asd, ajhgjjsd@gmail.co.in, INDIA, male,  
asd, ajhgjjsd@gmail.co.in, INDIA, male,  
asd, ajhgjjsd@gmail.co.in, INDIA, male, 1234567895 
dfdf, jhsasd@ddsdf.sap,INDIA, San Francisco, female, , 6527189879 
dfdf, jhsasd@ddsdf.sap,INDIA, San Francisco, male, , 6527189879 
dfdf, jhsasd@ddsdf.sap,, San Francisco, male, , 6527189879 
dfdf, jhsasd@ddsdf.sav,, San Francisco, male, , 6527189879 
asd, ajhgjjsd@gmail.co.in,, San Francisco, male, Array, 1234567895 
sadsd, asd@gmail.co.il,, New York, male, Array, 1234567890 
asd, ajhgjjsd@gmail.co.ij,, San Francisco, male, Array, 1234567890 
asd, ajhgjjsd@gmail.co.is,, San Francisco, male, Array, 1234567895 
asd, ajhgjjsd@gmail.co.ia,, San Francisco, male, Array, 1234567895 
a, asd@gmail.co.ib,, San Francisco, male, Array, 1234567895 
asd, asdsad@dfsd.yu,, San Francisco, male, Array, 1234567895 
asd, ajhgjjsd@gmail.co.ina,, San Francisco, male, Array, 1234567895 
